Bus,K,Alpha,Threshold,d,Accuracy,Precision,Recall,F1 Score,False Alarm Rate,Expected Delay,Detection Time
Bus115,2,0.2,4,3,0.882903981264637,0.8831168831168831,0.8095238095238095,0.84472049689441,0.0694980694980695,11.5,66
Bus115,4,0.2,4,3,0.9039812646370023,0.9261744966442952,0.8214285714285714,0.8706624605678234,0.0424710424710424,11.0,65
Bus115,8,0.2,4,3,0.8782201405152225,0.9393939393939394,0.7380952380952381,0.8266666666666667,0.0308880308880308,11.5,66
Bus115,16,0.2,4,3,0.8548009367681498,0.9274193548387096,0.6845238095238095,0.7876712328767124,0.0347490347490347,1.5,46
Bus115,32,0.2,4,3,0.810304449648712,0.9306930693069309,0.5595238095238095,0.6988847583643123,0.027027027027027,1.0,45
