Bus,Cusum Threshold,Accuracy,Precision,Recall,F1 Score,False Alarm Rate,Expected Delay,Detection Time
Bus115,3,0.20350877192982456,0.1978798586572438,1.0,0.3303834808259587,0.9912663755458515,0.0,2
Bus116,3,0.7251461988304093,0.4087193460490463,0.8928571428571429,0.5607476635514018,0.3158660844250364,18.0,488
Bus117,3,0.20701754385964913,0.19858156028368795,1.0,0.33136094674556216,0.9868995633187773,0.0,3
Bus118,3,0.20818713450292398,0.19881656804733727,1.0,0.33168805528134254,0.9854439592430859,0.0,4
Bus119,3,0.20584795321637428,0.19834710743801653,1.0,0.3310344827586207,0.9883551673944687,0.0,2
Bus121,3,0.8035087719298246,0.0,0.0,0.0,0.0,inf,-1
Bus135,3,0.5590643274853802,0.30825688073394497,1.0,0.47124824684431976,0.5487627365356623,0.0,283
Bus139,3,0.47953216374269003,0.21205821205821207,0.6071428571428571,0.31432973805855163,0.5516739446870451,0.0,41
