Bus,d,k,Optimal Threshold,Confusion Matrix,Accuracy,Precision,Recall,F1 Score
Bus115,3,10,10,"[[259   0]
 [168   0]]",0.6065573770491803,0.0,0.0,0.0
Bus116,3,10,10,"[[259   0]
 [168   0]]",0.6065573770491803,0.0,0.0,0.0
Bus117,3,10,10,"[[259   0]
 [168   0]]",0.6065573770491803,0.0,0.0,0.0
Bus118,3,10,10,"[[259   0]
 [168   0]]",0.6065573770491803,0.0,0.0,0.0
Bus119,3,10,10,"[[259   0]
 [168   0]]",0.6065573770491803,0.0,0.0,0.0
Bus121,3,10,10,"[[165  94]
 [ 30 138]]",0.7096018735362998,0.5948275862068966,0.8214285714285714,0.69
Bus135,3,10,10,"[[259   0]
 [168   0]]",0.6065573770491803,0.0,0.0,0.0
Bus139,3,10,10,"[[259   0]
 [168   0]]",0.6065573770491803,0.0,0.0,0.0
