Bus,d,k,alpha,Optimal Threshold,Confusion Matrix,Accuracy,Precision,Recall,F1 Score,False Alarm Rate,Expected Delay
Bus115,3,1,0.3,3,"[[128 131]
 [ 15 153]]",0.65807962529274,0.5387323943661971,0.9107142857142857,0.6769911504424779,0.5057915057915058,4
Bus116,3,2,0.5,10,"[[ 42 217]
 [ 18 150]]",0.4496487119437939,0.4087193460490463,0.8928571428571429,0.5607476635514018,0.8378378378378378,18
Bus117,3,1,0.3,7,"[[137 122]
 [ 23 145]]",0.6604215456674473,0.5430711610486891,0.8630952380952381,0.6666666666666666,0.47104247104247104,23
Bus118,3,1,0.3,5,"[[153 106]
 [ 18 150]]",0.7096018735362998,0.5859375,0.8928571428571429,0.7075471698113207,0.4092664092664093,18
Bus119,3,1,0.3,7,"[[135 124]
 [ 23 145]]",0.6557377049180327,0.5390334572490706,0.8630952380952381,0.6636155606407322,0.47876447876447875,23
Bus121,3,2,0.3,10,"[[ 42 217]
 [ 17 151]]",0.4519906323185012,0.41032608695652173,0.8988095238095238,0.5634328358208955,0.8378378378378378,17
Bus135,3,1,0.5,10,"[[ 34 225]
 [  2 166]]",0.468384074941452,0.42455242966751916,0.9880952380952381,0.59391771019678,0.8687258687258688,0
Bus139,3,5,0.5,10,"[[ 42 217]
 [ 17 151]]",0.4519906323185012,0.41032608695652173,0.8988095238095238,0.5634328358208955,0.8378378378378378,17
