Bus,d,k,alpha,Optimal Threshold,Accuracy,Precision,Recall,F1 Score,False Alarm Rate,Expected Delay,Detecion Time
Bus115,3,1,0.3,3,0.65807962529274,0.5387323943661971,0.9107142857142857,0.6769911504424779,0.5057915057915058,4,46
Bus116,3,1,0.3,3,0.6323185011709602,0.5190311418685121,0.8928571428571429,0.6564551422319475,0.5366795366795367,15,57
Bus117,3,1,0.3,3,0.65807962529274,0.5392857142857143,0.8988095238095238,0.6741071428571429,0.4980694980694981,5,47
Bus118,3,1,0.3,3,0.7072599531615925,0.583011583011583,0.8988095238095238,0.7072599531615925,0.416988416988417,17,59
Bus119,3,1,0.3,3,0.6533957845433255,0.5354609929078015,0.8988095238095238,0.6711111111111111,0.5057915057915058,5,47
Bus121,3,2,0.3,3,0.4262295081967213,0.4067796610169492,1.0,0.5783132530120482,0.9459459459459459,0,5
Bus135,3,1,0.3,3,0.8126463700234192,0.6788617886178862,0.9940476190476191,0.8067632850241546,0.305019305019305,0,4
Bus139,3,5,0.3,3,0.6744730679156908,0.5527272727272727,0.9047619047619048,0.6862302483069977,0.4749034749034749,16,58
