Bus,K,Alpha,Threshold,d,Accuracy,Precision,Recall,F1 Score,False Alarm Rate,Expected Delay,Detection Time
Bus115,16,0.2,4,3,0.8548009367681498,0.9274193548387096,0.6845238095238095,0.7876712328767124,0.03474903474903475,1.5,46
Bus116,16,0.2,4,3,0.39344262295081966,0.39344262295081966,1.0,0.5647058823529412,1.0,0.0,0
Bus117,16,0.2,4,3,0.8618266978922716,0.957983193277311,0.6785714285714286,0.794425087108014,0.019305019305019305,11.0,65
Bus118,16,0.2,4,3,0.8360655737704918,0.9622641509433962,0.6071428571428571,0.7445255474452555,0.015444015444015444,8.5,60
Bus119,16,0.2,4,3,0.8594847775175644,0.95,0.6785714285714286,0.7916666666666666,0.023166023166023165,11.5,66
Bus121,16,0.2,4,3,0.39344262295081966,0.39344262295081966,1.0,0.5647058823529412,1.0,0.0,0
Bus135,16,0.2,4,3,0.765807962529274,0.8953488372093024,0.4583333333333333,0.6062992125984252,0.03474903474903475,-1.0,21
Bus139,16,0.2,4,3,0.7353629976580797,0.7722772277227723,0.4642857142857143,0.5799256505576208,0.0888030888030888,8.0,59
