Bus,d,Gamma,h,Accuracy,Precision,Recall,F1 Score,False Alarm Rate,Expected Delay,Detection Time
Bus115,3,0.5,3,0.6370023419203747,1.0,0.07738095238095238,0.143646408839779,0.0,23,65
Bus116,3,0.5,3,0.6159250585480094,0.7,0.041666666666666664,0.07865168539325842,0.011583011583011582,72,114
Bus117,3,0.5,3,0.6346604215456675,1.0,0.07142857142857142,0.13333333333333333,0.0,23,65
Bus118,3,0.5,3,0.6135831381733021,0.7142857142857143,0.02976190476190476,0.05714285714285714,0.007722007722007722,0,42
Bus119,3,0.5,3,0.6323185011709602,1.0,0.06547619047619048,0.12290502793296089,0.0,23,65
Bus121,3,0.5,3,0.6346604215456675,1.0,0.07142857142857142,0.13333333333333333,0.0,23,65
Bus135,3,0.5,3,0.6323185011709602,1.0,0.06547619047619048,0.12290502793296089,0.0,0,42
Bus139,3,0.5,3,0.6112412177985949,0.6666666666666666,0.023809523809523808,0.04597701149425287,0.007722007722007722,101,143
