Bus,d,Gamma,Threshold,Alpha,Accuracy,Precision,Recall,F1 Score,False Alarm Rate,Expected Delay,Detection Time
Bus115,3,0.9,4,0.2,0.7423887587822015,0.9833333333333333,0.35119047619047616,0.5175438596491229,0.003861003861003861,2.5,48
Bus116,3,0.9,4,0.2,0.6814988290398126,0.6818181818181818,0.35714285714285715,0.46875,0.10810810810810811,31.0,105
Bus117,3,0.9,4,0.2,0.702576112412178,0.8153846153846154,0.31547619047619047,0.45493562231759654,0.04633204633204633,11.5,66
Bus118,3,0.9,4,0.2,0.6604215456674473,0.6949152542372882,0.24404761904761904,0.36123348017621143,0.0694980694980695,9.0,61
Bus119,3,0.9,4,0.2,0.6955503512880562,0.8064516129032258,0.2976190476190476,0.43478260869565216,0.04633204633204633,11.5,66
Bus121,3,0.9,4,0.2,0.6955503512880562,0.6666666666666666,0.4523809523809524,0.5390070921985816,0.14671814671814673,11.5,66
Bus135,3,0.9,4,0.2,0.7540983606557377,1.0,0.375,0.5454545454545454,0.0,0.0,43
Bus139,3,0.9,4,0.2,0.7962529274004684,0.8785046728971962,0.5595238095238095,0.6836363636363636,0.05019305019305019,7.5,58
