Bus,Window Size,QQ Threshold,Accuracy,Precision,Recall,F1 Score,False Alarm Rate,Expected Delay,Detection Time
Bus115,24,0.1,0.2301980198019802,0.21265822784810126,1.0,0.35073068893528186,0.971875,-1.0,0
Bus116,24,0.1,0.7821782178217822,0.42,0.125,0.1926605504587156,0.0453125,8.5,441
Bus117,24,0.1,0.26485148514851486,0.20416666666666666,0.875,0.3310810810810811,0.8953125,-1.0,11
Bus118,24,0.1,0.3465346534653465,0.17272727272727273,0.5654761904761905,0.2646239554317549,0.7109375,-1.0,54
Bus119,24,0.1,0.23638613861386137,0.20026702269692923,0.8928571428571429,0.3271537622682661,0.9359375,-1.0,10
Bus121,24,0.1,0.7920792079207921,0.0,0.0,0.0,0.0,0.0,-1
Bus135,24,0.1,0.6881188118811881,0.0,0.0,0.0,0.13125,-1.0,60
Bus139,24,0.1,0.6497524752475248,0.08633093525179857,0.07142857142857142,0.0781758957654723,0.1984375,-1.0,89
