Accuracy,Recall,Precision,F1_Score,AUC
0.7148014440433214,0.08928571428571429,0.15151515151515152,0.11235955056179775,0.48129444085326434
