Bus,Cusum Threshold,Accuracy,Precision,Recall,F1 Score,False Alarm Rate,Expected Delay,Detection Time
Bus116,0.1,0.352046783625731,0.2326869806094182,1.0,0.3775280898876405,0.0,6.0,6
Bus116,0.2,0.3964912280701754,0.2448680351906158,0.9940476190476192,0.3929411764705882,0.0,6.0,6
Bus116,0.5,0.5368421052631579,0.2949640287769784,0.9761904761904762,0.4530386740331492,0.0,8.0,8
Bus116,1.0,0.6713450292397661,0.3701149425287356,0.9583333333333334,0.5339966832504146,0.0,11.0,11
Bus116,2.0,0.7251461988304093,0.4111405835543766,0.9226190476190476,0.5688073394495413,0.0,394.0,394
