Bus,k,Alpha,Threshold,d,Accuracy,Precision,Recall,F1 Score,False Alarm Rate,Expected Delay,Detection Time
Bus115,10,0.3,1,3,0.6768149882903981,0.5510204081632653,0.9642857142857144,0.7012987012987013,0.5096525096525096,43,43
Bus115,10,0.3,3,3,0.7072599531615925,0.5781818181818181,0.9464285714285714,0.7178329571106095,0.4478764478764478,44,44
Bus115,10,0.3,5,3,0.6978922716627635,0.5747126436781609,0.8928571428571429,0.6993006993006993,0.4285714285714285,45,45
Bus115,10,0.3,7,3,0.6978922716627635,0.5776892430278885,0.8630952380952381,0.6921241050119332,0.4092664092664093,65,65
Bus115,10,0.3,10,3,0.7072599531615925,0.5877551020408164,0.8571428571428571,0.6973365617433414,0.3899613899613899,66,66
