Bus,K,Alpha,Threshold,d,Accuracy,Precision,Recall,F1 Score,False Alarm Rate,Expected Delay,Detection Time
Bus115,16,0.01,4,3,0.6088992974238876,1.0,0.0059523809523809,0.0118343195266272,0.0,25.0,93
Bus115,16,0.05,4,3,0.6276346604215457,1.0,0.0535714285714285,0.1016949152542373,0.0,24.5,92
Bus115,16,0.1,4,3,0.6487119437939111,1.0,0.1071428571428571,0.1935483870967742,0.0,11.5,66
Bus115,16,0.2,4,3,0.8548009367681498,0.9274193548387096,0.6845238095238095,0.7876712328767124,0.0347490347490347,1.5,46
Bus115,16,0.4,4,3,0.48711943793911,0.433420365535248,0.988095238095238,0.6025408348457351,0.8378378378378378,0.5,44
