Bus,Window Size,GLR Threshold,Accuracy,Precision,Recall,F1 Score,False Alarm Rate,Expected Delay,Detection Time,Change Magnitude
Bus135,6,2000,0.8035087719298246,0.0,0.0,0.0,0.0,,-1,0.0
Bus135,12,2000,0.8035087719298246,0.0,0.0,0.0,0.0,,-1,0.0
Bus135,24,2000,0.735672514619883,0.4228723404255319,0.9464285714285714,0.5845588235294118,0.0,479.0,479,-0.0047312749999992
Bus135,48,2000,0.3052631578947368,0.2204724409448819,1.0,0.3612903225806451,0.0,93.0,93,0.3661303095000008
Bus135,96,2000,0.3146198830409357,0.2228116710875331,1.0,0.3644251626898048,0.0,101.0,101,0.3517778595000003
