Bus,Window Size,GLR Threshold,Accuracy,Precision,Recall,F1 Score,False Alarm Rate,Expected Delay,Detection Time,Change Magnitude
Bus135,24,1000,0.495906432748538,0.2804674457429048,1.0,0.4380704041720991,0.0,256.0,256,0.0082749150000012
Bus135,24,1500,0.5076023391812865,0.2852292020373514,1.0,0.4438573315719947,0.0,266.0,266,0.0101671050000007
Bus135,24,2000,0.735672514619883,0.4228723404255319,0.9464285714285714,0.5845588235294118,0.0,479.0,479,-0.0047312749999992
Bus135,24,2500,0.7345029239766082,0.4213333333333333,0.9404761904761904,0.58195211786372,0.0,480.0,480,0.0018565500000011
Bus135,24,3000,0.6350877192982456,0.2517241379310345,0.4345238095238095,0.3187772925764192,0.0,565.0,565,-0.0068359149999999
