Bus,d,Gamma,Threshold,Accuracy,Precision,Recall,F1 Score,False Alarm Rate,Expected Delay,Detection Time
Bus115,3,0.1,5,0.6159250585480094,1.0,0.0238095238095238,0.0465116279069767,0.0,93.0,93
Bus115,3,0.3,5,0.6159250585480094,1.0,0.0238095238095238,0.0465116279069767,0.0,93.0,93
Bus115,3,0.5,5,0.6159250585480094,1.0,0.0238095238095238,0.0465116279069767,0.0,93.0,93
Bus115,3,0.7,5,0.6159250585480094,1.0,0.0238095238095238,0.0465116279069767,0.0,93.0,93
Bus115,3,0.9,5,0.6159250585480094,1.0,0.0238095238095238,0.0465116279069767,0.0,93.0,93
