Bus,d,Gamma,Threshold,Accuracy,Precision,Recall,F1 Score,False Alarm Rate,Expected Delay,Detection Time
Bus115,3,0.5,1,0.639344262295082,0.85,0.1011904761904761,0.1808510638297872,0.0,33.0,33
Bus115,3,0.5,3,0.6370023419203747,1.0,0.0773809523809523,0.143646408839779,0.0,65.0,65
Bus115,3,0.5,5,0.6159250585480094,1.0,0.0238095238095238,0.0465116279069767,0.0,93.0,93
Bus115,3,0.5,7,0.6112412177985949,1.0,0.0119047619047619,0.0235294117647058,0.0,93.0,93
Bus115,3,0.5,10,0.6065573770491803,0.0,0.0,0.0,0.0,,-1
