Bus,Window Size,QQ Threshold,Accuracy,Precision,Recall,F1 Score,False Alarm Rate,Expected Delay,Detection Time
Bus119,24,0.01,0.2079207920792079,0.2079207920792079,1.0,0.3442622950819672,1.0,0.0,0
Bus119,24,0.05,0.2079207920792079,0.2079207920792079,1.0,0.3442622950819672,1.0,0.0,0
Bus119,24,0.1,0.2363861386138613,0.2002670226969292,0.8928571428571429,0.3271537622682661,0.9359375,-1.0,10
Bus119,24,0.2,0.3576732673267326,0.120950323974082,0.3333333333333333,0.1774960380348653,0.6359375,-1.0,55
Bus119,24,0.4,0.5371287128712872,0.036036036036036,0.0476190476190476,0.041025641025641,0.334375,-1.0,58
