Bus,Cusum Threshold,Accuracy,Precision,Recall,F1 Score,False Alarm Rate,Expected Delay,Detection Time
Bus115,2.0,0.2,0.19718309859154928,1.0,0.32941176470588235,0.9956331877729258,-1.0,1
Bus116,2.0,0.7251461988304093,0.41114058355437666,0.9226190476190477,0.5688073394495413,0.3231441048034934,-1.0,394
Bus117,2.0,0.2023391812865497,0.1976470588235294,1.0,0.3300589390962672,0.992721979621543,-1.0,2
Bus118,2.0,0.2023391812865497,0.1976470588235294,1.0,0.3300589390962672,0.992721979621543,-1.0,3
Bus119,2.0,0.2023391812865497,0.1976470588235294,1.0,0.3300589390962672,0.992721979621543,-1.0,2
Bus121,2.0,0.8035087719298246,0.0,0.0,0.0,0.0,0.0,-1
Bus135,2.0,0.5017543859649123,0.2828282828282828,1.0,0.4409448818897638,0.6200873362445415,-1.0,138
Bus139,2.0,0.3672514619883041,0.1996779388083736,0.7380952380952381,0.31432192648922685,0.7234352256186317,-1.0,16
